S. No.,State,District,Location,Longitude,Latitude,Year,pH,EC (ÂµS/cm at,CO3 (mg/L),HCO3,Cl (mg/L),F (mg/L),SO4,NO3,PO4,Total Hardness,Ca (mg/L),Mg (mg/L),Na (mg/L),K (mg/L),Fe (ppm),As (ppb),U (ppb),Risk_Level
114,Arunachal Pradesh,Changlang,Jairampur,96.0144,27.3561,2023,7.29,265,0,165,23,0.08,21,0,-,160,32,19,11,4,1.01,0.09,0.06,0
115,Arunachal Pradesh,Changlang,Namchik,95.972,27.4146,2023,7.29,279,0,165,40,0.07,17,0,-,155,30,19,12,4,0.17,1.07,0.05,0
116,Arunachal Pradesh,Changlang,Namphai,96.1086,27.4461,2023,7.26,261,0,177,10,0.06,18,0,-,150,36,15,12,4,0.09,0.01,0.01,0
117,Arunachal Pradesh,Changlang,Newlisan Kharsang,96.0418,27.4269,2023,7.24,260,0,159,23,0.06,18,0,-,150,38,13,12,4,0.95,0.45,0.03,0
118,Arunachal Pradesh,East Siang,Pasighat New,95.3358,28.0362,2023,7.99,466,0,232,27,0.07,31,2,-,230,58,21,13,40,0.01,0,0.03,0
119,Arunachal Pradesh,East Siang,Oyan,95.3183,27.8902,2023,7.9,469,0,238,36,0.06,38,3,-,225,58,19,13,40,0.66,1.62,0.07,0
120,Arunachal Pradesh,East Siang,Ruksin,95.2182,27.8378,2023,7.83,465,0,214,36,0.05,22,2,-,220,54,21,13,40,0.01,0.1,0,0
121,Arunachal Pradesh,Lohit,Lathow,95.9098,27.7395,2023,7.29,271,0,165,23,0.05,18,0,-,165,40,16,12,4,0.87,0.29,0.08,0
122,Arunachal Pradesh,Papumpare,Banderedewa I,93.8258,27.1053,2023,7.78,204,0,147,17,0.03,6,5,-,130,44,5,10,3,0.31,0.01,0,0
123,Arunachal Pradesh,Tirap,Deomali,95.4628,27.1966,2023,7.74,216,0,140,17,0.03,6,7,-,155,38,15,11,3,3.36,0.06,0.01,0
124,Arunachal Pradesh,Tirap,Borduria,95.4131,27.1152,2023,7.68,212,0,147,17,0.03,8,8,-,95,34,2,15,4,3.22,0,0.07,1
125,Arunachal Pradesh,Tirap,Hukanjuri,95.4377,27.1258,2023,7.73,212,0,147,10,0.03,6,7,-,125,30,12,11,3,0.01,0.06,0.06,0
126,Assam,Baksa,Anandapur C-Block,91.4042,26.68,2023,7.63,149,0,79,10,0.07,9,4,-,60,18,4,5,13,0.9,1.85,0.07,1
127,Assam,Baksa,Bhebla,91.2393,26.6506,2023,7.76,625,0,165,17,0.16,6,4,-,115,22,15,7,30,1.02,0.28,0.19,0
128,Assam,Baksa,Deusunga Ambarishnagar,91.7078,26.7566,2023,7.47,384,0,256,13,0.06,24,2,-,230,60,19,16,28,1.29,4.34,0.12,0
129,Assam,Baksa,Gyati Gaon,90.9992,26.6594,2023,7.55,234,0,165,10,0.04,9,1,-,140,30,16,15,15,0.94,2.01,0.01,0
130,Assam,Baksa,Hadukata,91.1004,26.6086,2023,6.55,156,0,98,17,0.04,1,1,-,60,16,5,13,28,1.1,3.89,0.04,1
131,Assam,Baksa,Kumarikata,91.5561,26.7316,2023,7.48,646,0,287,17,0.1,17,8,-,235,66,17,12,14,0.67,0.1,0.98,0
132,Assam,Baksa,Lokpala,91.3984,26.6203,2023,6.8,121,0,67,20,0.04,8,4,-,40,14,1,20,9,0.99,3.96,0.17,1
133,Assam,Baksa,Naukata,91.7233,26.647,2023,7.25,401,0,269,13,0.04,19,2,-,230,46,28,16,27,1.13,0.59,1.52,0
134,Assam,Baksa,Simla,91.0442,26.6498,2023,7.76,532,0,305,43,0.14,28,18,-,205,44,23,28,76,0.98,0.03,0.02,0
135,Assam,Baksa,Sonapur (Doomni),91.3065,26.7137,2023,6.8,414,0,122,43,0.03,32,34,-,135,34,12,22,20,0.19,0.91,0.04,0
136,Assam,Baksa,Tamulpur,91.5709,26.6289,2023,7.19,152,0,110,13,0.05,2,1,-,90,28,5,10,18,0.43,3,0.02,1
137,Assam,Bongaigaon,Baitamari,90.5175,26.3472,2023,7.19,148,0,79,17,0.06,10,5,-,65,18,5,8,5,0.51,0.02,0.04,1
138,Assam,Bongaigaon,Manikpur,90.8017,26.4686,2023,6.79,381,0,140,40,0.05,38,3,-,115,40,4,35,15,1.01,1.59,2,0
139,Assam,Bongaigaon,Medhipara Deo,90.631,26.3483,2023,6.83,119,0,79,7,0.04,1,2,-,60,4,12,4,20,3.01,3.07,0.01,1
140,Assam,Cachar,Silcoorie,92.7861,24.7261,2023,7.52,304,0,31,56,0.01,26,13,-,50,6,8,33,26,1.97,1.99,0.14,1
141,Assam,Cachar,Digharkhal,92.5128,24.9992,2023,6.37,178,0,37,23,0.07,24,17,-,55,14,5,21,3,1.02,3.02,0.87,1
142,Assam,Cachar,Poilapul,93.1247,24.8319,2023,6.24,192,0,61,40,0.1,9,7,-,50,16,2,21,7,1.41,0.77,0.08,1
143,Assam,Cachar,Tarapur,92.9794,24.8297,2023,6.63,210,0,18,36,0,12,42,-,80,18,8,5,12,0.05,0.05,0.99,1
144,Assam,Cachar,Kalain,92.4086,24.9681,2023,7.08,270,0,122,23,0.31,0,21,-,140,48,5,14,9,0.23,0.5,0.02,0
145,Assam,Cachar,Hilara,92.5906,24.9275,2023,6.46,334,0,85,76,0.08,5,5,-,90,22,8,45,2,0.98,1.77,0.03,1
146,Assam,Cachar,Katigora,92.5889,24.8869,2023,7.83,330,0,201,27,0.55,23,5,-,165,52,8,19,13,0.45,0.39,0.07,0
147,Assam,Cachar,Badribasti,92.8772,24.8128,2023,7.07,124,0,18,33,0.05,11,8,-,30,6,4,13,5,0.48,0.78,1.2,1
148,Assam,Cachar,Borjalinga,92.7186,24.665,2023,7.3,83,0,43,7,0.15,2,4,-,30,10,1,3,8,0.48,0.88,0,1
149,Assam,Cachar,Fulertol,93.0053,24.7903,2023,6.53,235,0,73,17,0.17,26,12,-,75,20,6,29,5,0.73,0.56,0.03,1
150,Assam,Cachar,Nagdirgram,92.8797,24.6703,2023,6.94,451,0,165,70,0.36,35,10,-,205,54,17,31,4,0.97,0.91,0.07,0
151,Assam,Cachar,Razabazar,93.0647,24.8722,2023,6.91,191,0,85,40,0.3,15,9,-,60,16,5,28,8,0.94,0.22,0.02,1
152,Assam,Cachar,Masimpur,92.7269,24.9403,2023,6.6,300,0,79,66,0.1,21,5,-,65,14,7,42,1,0.74,0.65,0.01,1
153,Assam,Cachar,Moinarbond,92.8358,24.8533,2023,6.84,337,0,85,46,0.19,23,2,-,135,44,6,23,4,2.04,10.51,0.07,0
154,Assam,Darrang,Konakat,92.191,26.533,2023,6.82,587,0,55,99,0.05,31,42,-,200,44,22,41,5,0.86,0.24,0.6,0
155,Assam,Darrang,Mangaldoi,92.017,26.4314,2023,7.46,858,0,446,83,0.12,25,14,-,310,54,42,76,38,0.52,2.09,0.08,2
156,Assam,Dhubri,Dhubri Town,89.9911,26.02,2023,8.05,612,0,360,63,0.21,20,5,-,270,82,16,46,10,0.03,2.04,1.09,0
157,Assam,Dhubri,Shapamari Beat,90.375,26.2383,2023,7.9,33,0,37,13,0.03,6,1,-,50,10,6,4,3,0.02,0.16,0.04,1
158,Assam,Dibrugarh,Barbaruah,94.8787,27.3987,2023,7.13,105,0,67,10,0.15,12,1,-,65,24,1,4,3,0.17,0.9,0,1
159,Assam,Dibrugarh,Jaipur Naharani,95.2381,27.255,2023,7.4,101,0,61,7,0.16,12,0,-,55,8,8,4,3,0.08,0.71,0.42,1
160,Assam,Dibrugarh,Azarguri Gaon,94.8903,27.2617,2023,7.58,110,0,55,7,0.17,17,0,-,65,8,11,4,3,0.09,0.06,0.39,1
161,Assam,Dibrugarh,Dikom,95.0692,27.46,2023,7.62,102,0,55,10,0.17,11,1,-,65,12,8,4,3,0.07,0.01,0.09,1
162,Assam,Dibrugarh,Chabua,95.1895,27.4931,2023,7.57,100,0,55,10,0.18,13,0,-,65,12,8,4,3,0.03,0.01,0.28,1
163,Assam,East Karbi Anglong,Bokajan L,93.77,26.0236,2023,6.8,433,0,110,76,0.07,51,0,-,165,58,5,46,4,0.18,0.08,0.23,0
164,Assam,East Karbi Anglong,Bokoliaghat,93.2025,26.0508,2023,6.6,184,0,37,53,0.19,0,5,-,40,10,4,25,5,0.14,0.32,0.09,1
165,Assam,East Karbi Anglong,Dillai,93.8225,25.9658,2023,6.56,280,0,153,30,0.19,9,4,-,120,26,13,26,1,0.12,0.23,0.02,1
166,Assam,East Karbi Anglong,Diphu 1,93.445,25.8461,2023,6.43,553,0,55,46,0.19,27,9,-,40,10,4,43,12,0.16,0.7,0.03,1
167,Assam,East Karbi Anglong,Dokmoka,93.0656,26.2083,2023,7.46,212,0,128,17,1.3,9,1,-,105,40,1,10,3,0.11,0.21,0.13,1
168,Assam,East Karbi Anglong,Donka Bey Pz,93.8044,26.0261,2023,7.06,127,0,153,40,0.19,7,1,-,110,24,12,18,6,0.56,0.19,0,1
169,Assam,East Karbi Anglong,Lahorijan,93.6614,25.9069,2023,6.5,103,0,43,23,0.02,12,2,-,55,10,7,8,4,4.02,0.49,0.07,1
170,Assam,East Karbi Anglong,Lakhijan,93.7482,26.0506,2023,6.53,120,0,85,7,0.19,0,1,-,65,18,5,7,2,0.03,0.62,0.06,1
171,Assam,East Karbi Anglong,Manja,93.4408,25.97,2023,6.93,210,0,55,46,0.19,11,3,-,40,10,4,30,7,0.1,0,0,1
172,Assam,East Karbi Anglong,Mohendijua,93.411,25.9944,2023,6.76,207,0,24,30,0.19,1,13,-,40,12,2,14,3,0.1,0.02,0,1
173,Assam,East Karbi Anglong,Phuloni,93.1367,26.1708,2023,7.16,739,0,464,40,0.19,13,16,-,320,90,23,64,10,0.79,1.04,0.01,0
174,Assam,East Karbi Anglong,Saphapani,93.7953,26.1964,2023,6.74,372,0,49,27,0.19,2,3,-,50,12,5,10,3,0.66,0.53,0.26,1
175,Assam,East Karbi Anglong,Silanijan,93.8722,26.3217,2023,6.9,110,0,43,36,0.19,11,5,-,40,10,4,23,9,1.63,0.36,0.06,1
176,Assam,East Karbi Anglong,Srirampur Forest,93.0201,26.2181,2023,7.54,388,0,293,13,0.06,3,1,-,150,48,7,44,3,1.03,0.05,0.16,0
177,Assam,East Karbi Anglong,Swarghati,93.1047,26.2042,2023,7.73,404,0,250,20,0.19,13,3,-,170,42,16,34,4,0.1,2.9,0.01,0
178,Assam,Goalpara,Agia,90.5641,26.0827,2023,6.89,41,0,24,10,0.03,6,0,-,25,4,4,5,1,0.2,0.05,0.01,1
179,Assam,Goalpara,Baida,90.4164,26.0258,2023,6.83,37,0,31,7,0.02,5,1,-,20,4,2,5,1,0.6,0.67,0,1
180,Assam,Goalpara,Dudhnoi,90.7817,25.9825,2023,6.5,373,0,67,63,0.04,33,1,-,110,30,8,29,14,1.61,0.58,0.01,1
181,Assam,Goalpara,Salpara,90.7008,26.0128,2023,6.99,64,0,647,17,0.02,5,0,-,475,6,112,4,1,0.89,0.17,0.04,2
182,Assam,Goalpara,Sarapara,90.9525,25.9714,2023,7.2,266,0,201,10,0.48,5,5,-,105,22,12,25,2,5.55,9.78,0.08,0
183,Assam,Golaghat,2 No. Balijan,93.8365,26.4811,2023,6.9,204,0,122,10,0.19,12,5,-,125,34,10,4,3,0.98,0.49,0.01,1
184,Assam,Golaghat,Bokaghat,93.6278,26.6372,2023,6.63,165,0,134,20,0.04,14,4,-,110,28,10,8,7,0.16,0.18,0,1
185,Assam,Golaghat,Dakkhin Hengra,94.0614,26.5978,2023,7.31,262,0,177,36,0.19,5,1,-,140,40,10,16,2,0.99,0.56,0.02,0
186,Assam,Golaghat,Garampani,93.8806,26.3925,2023,6.73,298,0,43,33,0.19,31,38,-,90,20,10,21,15,0.19,0.26,0.01,1
187,Assam,Golaghat,Haldibari Burhi Aai,93.3258,26.5872,2023,6.99,106,0,55,17,0.02,10,6,-,40,10,4,12,4,1.92,0.59,2.69,1
188,Assam,Golaghat,Upper Merapani,94.1364,26.52,2023,6.5,226,0,128,7,0.19,5,1,-,100,26,8,17,2,0.01,1.3,0.01,1
189,Assam,Hailakandi,Katlicherra New,92.6411,24.4619,2023,7.37,375,0,171,30,0.41,37,5,-,170,56,7,28,6,0.75,0.08,0.1,0
190,Assam,Hailakandi,Burakhai,92.6914,24.6292,2023,7.01,198,0,147,10,0.3,3,4,-,120,30,11,6,2,5.99,1.81,0.1,1
191,Assam,Hailakandi,Lala,92.5619,24.5978,2023,6.46,141,0,140,7,0.15,3,10,-,50,8,7,34,3,0.39,0.08,0.01,1
192,Assam,Hojai,Lanka,92.9508,25.9214,2023,6.95,786,0,415,116,0.17,6,0,-,325,98,19,62,1,0.36,1,2.01,0
193,Assam,Hojai,Zebra Khua,92.8086,26.1386,2023,7.55,225,0,147,20,0.17,5,7,-,75,22,5,27,4,0.46,0.43,0,1
194,Assam,Jorhat,Kokilamukh,94.1678,26.8194,2023,6.74,259,0,201,23,0.05,11,4,-,170,46,13,13,4,1.19,0.71,0.19,0
195,Assam,Jorhat,Kunwari Pukhuri,94.2072,26.6983,2023,7.03,533,0,220,40,0.31,65,14,-,205,40,25,24,67,1.11,0.07,0.27,0
196,Assam,Kamrup,Boko,91.245,25.9833,2023,7.1,145,0,98,10,0.14,5,2,-,70,22,4,6,3,0.09,0.09,0.01,1
197,Assam,Kamrup,Chhaygaon,91.3597,26.0411,2023,7.32,330,0,214,13,0.12,13,4,-,180,62,6,9,3,0.46,0.03,1.04,0
198,Assam,Kamrup,Rani Ii,91.6061,26.0651,2023,6.52,110,0,18,20,0.04,9,0,-,35,10,2,6,9,1.08,0.08,0.03,1
199,Assam,Kamrup,Abhaypur,91.5539,26.2542,2023,7.27,489,0,501,126,0.19,23,13,-,450,80,61,81,20,2.06,0.27,1.94,2
200,Assam,Kamrup,Dhobartari,91.6904,26.2479,2023,7.26,260,0,67,46,0.41,51,11,-,145,48,6,32,8,0.47,0.96,0.01,0
201,Assam,Kamrup,Kachkatc,91.9643,26.1175,2023,7.34,345,0,110,73,0.04,51,3,-,105,26,10,36,21,1.2,2.9,0.18,0
202,Assam,Kamrup,Khetri Ii,92.0822,26.1135,2023,7.34,306,0,79,17,0.04,33,1,-,90,14,13,7,4,0.6,0.29,0.08,1
203,Assam,Kamrup,Rangia,91.6239,26.4375,2023,8.32,654,9,501,80,0.11,36,3,-,370,90,35,52,77,0.73,1.88,0.82,2
204,Assam,Kamrup,Sualkuchi,91.5708,26.1672,2023,7.24,518,0,586,109,0.19,28,33,-,460,92,56,76,52,0.67,7.81,26.99,2
205,Assam,Kamrup,Topatoli N/Bamfo,92.1383,26.1033,2023,6.83,248,0,159,13,0.09,18,2,-,145,34,15,5,2,0.1,0.07,0.03,1
206,Assam,Karimganj,Badarpur,92.5972,24.8711,2023,7.24,156,0,18,13,0.06,35,12,-,50,12,5,13,7,0.94,0.66,0.05,1
207,Assam,Karimganj,Sarkaribari,92.4122,24.565,2023,6.71,180,0,73,20,0.14,11,18,-,85,24,6,8,5,2.67,0.86,0.13,1
208,Assam,Karimganj,Hatikira,92.3181,24.4611,2023,7.4,173,0,79,13,0.33,31,2,-,75,20,6,10,4,0.57,0.13,0.1,1
209,Assam,Karimganj,Kalinagar,92.4836,24.5842,2023,7.61,305,0,183,17,1,16,10,-,125,36,8,31,5,2.02,0.05,0.08,0
210,Assam,Karimganj,Kayasthagram,92.4461,24.7206,2023,6.58,218,0,159,10,0.2,19,4,-,60,12,7,36,3,0.39,0.54,1.01,1
211,Assam,Karimganj,Karimganj,92.3639,24.8647,2023,7.48,260,0,159,20,0.42,25,9,-,140,46,6,10,7,1.07,0.23,0.08,0
212,Assam,Karimganj,Dhaulia,92.3622,24.6239,2023,7.07,216,0,128,20,0.47,7,3,-,100,26,8,13,3,0.79,0.01,0.13,1
213,Assam,Karimganj,Patharkandi,92.3206,24.5944,2023,6.6,186,0,122,17,0.47,1,17,-,80,40,5,21,3,16.98,0.09,0.52,1
214,Assam,Karimganj,Dengarbond,92.5481,24.9183,2023,6.74,224,0,92,27,0.15,26,11,-,90,26,6,17,5,0.78,0.66,0.02,1
215,Assam,Karimganj,Mahakul,92.8419,25.4003,2023,7.03,169,0,104,17,0.31,0,1,-,55,6,10,16,4,0.47,0.88,0.06,1
216,Assam,Karimganj,Rangamati,92.4956,24.4817,2023,6.74,132,0,24,20,0.03,6,10,-,35,4,6,15,3,0.86,1.94,0.07,1
217,Assam,Morigaon,Baghara,92.2758,26.2267,2023,7.29,3590,0,269,928,0.11,36,5,-,230,56,22,474,28,0.7,1.98,0.32,2
218,Assam,Morigaon,Jagiroad,92.1947,26.12,2023,6.45,485,0,189,50,0.1,71,7,-,140,40,10,46,17,0.25,9.53,0.01,0
219,Assam,Morigaon,Silsang Namghar,92.3508,26.1217,2023,7.23,157,0,92,23,0.05,25,1,-,100,36,2,5,10,0.25,0.06,0.67,1
220,Assam,Nagaon,Bamuni,92.8011,26.3,2023,7.19,303,0,128,30,0.11,17,2,-,115,30,10,24,6,0.28,0.34,0.29,1
221,Assam,Nagaon,Bichamari,92.46,26.4014,2023,6.89,522,0,214,50,0.14,26,35,-,220,46,25,33,4,0.07,0.45,0.49,0
222,Assam,Nagaon,Doboka,92.8881,26.1319,2023,6.94,29,0,85,10,0.19,0,1,-,45,10,5,18,1,0.8,0,0.1,1
223,Assam,Nagaon,Haldiati Sub Bt,92.9433,26.1725,2023,6.82,272,0,61,56,0.06,7,1,-,75,14,10,34,7,0.13,0,0,1
224,Assam,Nagaon,Kathiatoli,92.736,26.1883,2023,7.07,657,0,256,66,0.1,48,3,-,250,56,27,61,25,0.53,0.77,0.67,0
225,Assam,Nagaon,Naderigaon/ Basin Dicate,92.6569,26.1592,2023,7.16,1302,0,781,119,0.17,32,11,-,370,82,40,180,166,6.98,3.01,0.84,2
226,Assam,Nagaon,Phulaguri,93.0853,26.5753,2023,7.47,356,0,256,17,0.13,9,1,-,180,54,11,28,7,0.57,0.07,0.09,0
227,Assam,Nalbari,Athiabari,91.2767,26.5985,2023,7.78,129,0,67,23,0.05,0,6,-,75,10,12,8,4,0.76,1,0.32,1
228,Assam,Nalbari,Daulasal,91.2293,26.2695,2023,7.86,412,0,244,30,0.12,21,4,-,210,68,10,12,17,0.1,2.54,0.9,0
229,Assam,Nalbari,Tihu,91.2692,26.4751,2023,8.14,550,0,366,43,0.21,15,8,-,265,82,15,44,11,0.8,0.98,0,0
230,Assam,Sonitpur,Barchola,92.3803,26.6053,2023,7.62,128,0,49,23,0.07,12,17,-,55,10,7,10,6,0.68,1.61,0.36,1
231,Assam,Sonitpur,Chaduar,92.7802,26.8546,2023,7.91,268,0,116,43,0.08,17,5,-,115,30,10,23,0,1.04,0.1,0.48,0
232,Assam,Sonitpur,Dekhiajuli,92.4708,26.7031,2023,8.1,194,0,104,36,0.13,17,4,-,80,30,1,19,8,1.71,0.53,0.02,0
233,Assam,Sonitpur,Garumari,92.7716,26.5713,2023,7.01,173,0,92,17,0.08,16,1,-,85,24,6,8,7,0.13,0.05,0.01,1
234,Assam,Sonitpur,Tupia,92.9111,26.799,2023,7.62,247,0,147,20,0.11,19,10,-,130,44,5,4,11,1.2,2.07,0.76,0
235,Assam,Tezpur,Tezpur,92.3802,26.6054,2023,7.51,452,0,214,50,0.07,15,2,-,205,54,17,32,10,0.2,1.96,0.09,0
236,Assam,Tinsukia,Panitola,95.2545,27.4954,2023,7.42,207,0,134,17,0.1,5,5,-,105,36,4,10,5,0.06,0.07,0.01,1
237,Assam,Tinsukia,Tinsukia,95.3519,27.4849,2023,6.55,122,0,79,13,0.18,16,0,-,95,20,11,4,6,0.05,0.05,0.04,1
238,Assam,Tinsukia,Kumsang Selenguri,95.6331,27.6197,2023,7.21,103,0,55,10,0.15,12,1,-,60,10,8,4,3,0.08,0.61,0.09,1
239,Assam,Tinsukia,Borgolai,95.713,27.2775,2023,7.61,101,0,61,7,0.17,13,0,-,65,12,8,4,2,3.07,0.97,0.01,1
240,Assam,Tinsukia,Digboi,95.6154,27.3803,2023,7.3,103,0,55,7,0.16,13,1,-,60,10,8,4,3,0.08,0.09,0.1,1
241,Assam,Tinsukia,Jagun,95.9036,27.383,2023,7.44,102,0,61,7,0.17,13,1,-,70,10,11,4,3,0.04,0.61,0.07,1
242,Assam,Tinsukia,Lekhapani,95.8181,27.3197,2023,7.61,200,0,128,13,0.05,5,6,-,120,42,4,10,3,0.15,0.08,0.06,0
243,Assam,Tinsukia,Tirap Gate,95.8483,27.3331,2023,6.84,109,0,67,10,0.2,12,0,-,65,16,6,4,3,0.98,0.46,0.04,1
244,Assam,Udalguri,Hatitopagaon,92.3095,26.8517,2023,7.79,150,0,79,20,0.12,11,12,-,65,16,6,19,5,0.59,0.59,0.08,1
245,Assam,Udalguri,Kachabil,91.9128,26.7517,2023,7.83,95,0,43,13,0.05,18,2,-,65,24,1,4,3,1.79,0.61,0.03,1
246,Assam,Udalguri,Rowta Chariali,92.2056,26.7117,2023,8.37,630,21,256,63,0.24,42,11,-,220,72,10,56,23,0.89,0.25,1.66,0
247,Assam,Udalguri,Token Katta,91.9145,26.6349,2023,8.23,215,0,110,20,0.11,34,9,-,135,48,4,3,6,5.39,0.2,0.05,0
248,Assam,West Karbi Anglong,Boithalangsu,92.5978,25.9728,2023,6.59,175,0,73,17,0.06,8,0,-,60,10,8,11,1,0.32,0.31,0.01,1
249,Assam,West Karbi Anglong,Donkamokam,92.71,25.9328,2023,6.45,132,0,55,23,0.04,2,0,-,25,8,1,18,2,0.61,1.31,0.15,1
250,Assam,West Karbi Anglong,Kalonga,92.7678,25.8617,2023,6.54,90,0,37,23,0.01,3,3,-,35,6,5,15,6,0.09,0.3,0.16,1
251,Assam,West Karbi Anglong,Kheronighat,92.8842,25.8475,2023,7.36,339,0,85,53,0.03,27,24,-,90,28,5,32,11,1.14,0.34,0.19,1
252,Assam,Biswanath,Borgang New (Koherbari),93.2946,26.8346,2023,7.77,465,0,232,30,0.05,34,2,-,225,56,21,13,40,0.78,0.67,0.01,0
253,Assam,Biswanath,Behali,93.3578,26.8323,2023,7.75,457,0,189,36,0.04,18,3,-,220,62,16,13,0,0.7,0.1,0.09,0
254,Assam,Biswanath,Biswanath Chariali,93.1518,26.7253,2023,7.75,465,0,214,36,0.05,14,2,-,225,58,19,13,25,0.96,0.76,0.15,0
255,Assam,Biswanath,Gohpur New,93.6099,26.88,2023,7.82,471,0,214,46,0.05,19,3,-,225,58,19,13,40,0.9,0.75,0.02,0
256,Assam,Biswanath,Helem New,93.4658,26.85,2023,7.99,458,0,232,36,0.06,31,2,-,235,56,23,14,41,0.09,0.1,0.09,0
257,Assam,Dhemaji,Bordoloni,94.4272,27.4134,2023,7.54,179,0,153,23,0.05,4,0,-,170,32,22,11,4,0.36,0.68,0,0
258,Assam,Dhemaji,Dhemaji,94.5878,27.5117,2023,7.88,182,0,165,23,0.08,1,0,-,165,32,21,11,3,0.19,0.25,0.02,0
259,Assam,Dhemaji,Santipur,94.505,27.5553,2023,7.59,262,0,159,20,0.04,4,0,-,170,44,15,11,3,0.76,0.82,0.1,0
260,Assam,Dhemaji,Bhagaban Charali,94.8566,27.7098,2023,7.25,274,0,171,20,0.06,14,0,-,145,38,12,12,3,1.4,5,0.21,0
261,Assam,Dhemaji,Bijoypur,95.1668,27.7804,2023,7.28,274,0,177,23,0.06,16,0,-,160,34,18,12,4,0.06,0.06,0.02,0
262,Assam,Dhemaji,Jonai Murkongselek,95.1467,27.8367,2023,7.55,250,0,183,23,0.04,4,0,-,175,30,24,11,3,0.67,0.81,0,0
263,Assam,Dhemaji,Telem,95.0556,27.7125,2023,7.84,202,0,165,13,0.05,2,5,-,120,42,4,10,3,0.98,0.16,0.1,0
264,Assam,Dhemaji,Siripani,94.65,27.5828,2023,7.7,267,0,165,20,0.07,2,0,-,165,26,24,11,3,0.81,0.56,0.01,0
265,Assam,Dhemaji,Sisibargaon,94.7222,27.5417,2023,7.72,200,0,134,10,0.05,1,5,-,120,42,4,10,3,0.97,0.01,0,0
266,Assam,Lakhimpur,Bihpuria,93.9083,27.0333,2023,7.93,203,0,165,10,0.04,2,4,-,120,40,5,10,3,0.18,3.4,0.03,0
267,Assam,Lakhimpur,Boginadi Balijan New,94.189,27.3836,2023,7.74,202,0,159,10,0.03,2,5,-,125,42,5,10,3,0.57,0.23,0.01,0
268,Assam,Lakhimpur,Borbil Tariyani,94.1746,27.4029,2023,7.27,112,0,61,17,0.11,6,1,-,75,12,11,3,2,0.59,0.01,0,1
269,Assam,Lakhimpur,Kadam,94.15,27.3,2023,7.71,384,0,134,40,0.05,15,26,-,205,44,23,16,6,0.73,0.09,0.1,0
270,Assam,Lakhimpur,Moridirgha,94.1356,27.3235,2023,7.64,378,0,159,40,0.05,15,26,-,195,50,17,28,6,0.05,0.1,0.01,0
271,Assam,Lakhimpur,Pathalipam,94.23,27.4477,2023,8.12,466,0,226,43,0.1,22,2,-,205,58,15,13,41,3.81,0.02,0.01,0
272,Assam,Lakhimpur,Pathalipam Ii,94.21,27.44,2023,7.8,436,0,244,30,0.05,10,2,-,230,54,23,13,40,2.03,3.03,0.01,0
273,Assam,Lakhimpur,Harmoti,93.8539,27.1229,2023,7.57,383,0,153,46,0.05,5,26,-,175,46,14,27,6,0.58,0.82,0.08,0
274,Assam,Lakhimpur,Dejoo,94.0253,27.2716,2023,7.65,204,0,140,7,0.05,2,5,-,125,44,4,10,3,0.21,0.03,0.01,0
275,Assam,Lakhimpur,Koilamari 6 No Line,94.0425,27.3159,2023,7.66,376,0,147,43,0.04,9,26,-,190,46,18,27,6,0.09,0.45,0.01,0
276,Assam,Lakhimpur,N. Lakhipur,94.1028,27.2224,2023,7.68,380,0,159,40,0.05,13,26,-,185,48,16,27,6,0.53,0.08,0.01,0
277,Assam,Lakhimpur,Panigaon,94.1107,27.1374,2023,7.83,464,0,214,50,0.08,6,2,-,215,60,16,13,4,0.4,1.11,0.06,0
278,Assam,Lakhimpur,Dolanghat Chara,93.9984,27.1633,2023,7.62,368,0,147,40,0.04,3,26,-,170,44,15,27,6,1.03,0.06,0.03,0
279,Assam,Lakhimpur,Bhogpur Charali,93.8328,27.0466,2023,7.72,200,0,153,13,0.03,2,5,-,120,40,5,10,3,0.63,0.06,0.01,0
280,Assam,Lakhimpur,Narayanpur,93.8549,26.9535,2023,7.79,451,0,220,36,0.05,10,2,-,215,54,19,13,40,0.01,0.04,0.01,0
5256,Meghalaya,East Garo Hills,Narringirri,90.7394,25.6103,2023,6.83,28,0,24,17,0.01,6,0,-,30,4,5,6,1,0.03,1.35,0.05,1
5257,Meghalaya,East Garo Hills,Samanda Megapagre,90.5269,25.5797,2023,6.46,74,0,55,13,0.06,15,3,-,50,14,4,7,5,0.39,0.08,0.09,1
5258,Meghalaya,East Garo Hills,William Nagar,90.6053,25.5058,2023,7.37,82,0,18,27,0.02,8,2,-,55,18,2,8,1,0.26,0.09,0.14,1
5259,Meghalaya,East Garo Hills,Songsak,90.6103,25.6514,2023,6.95,38,0,31,17,0,14,0,-,45,8,6,5,0,0.56,0.22,0.03,1
5260,Meghalaya,East Khasi Hills,Dangar,91.3814,25.1889,2023,6.79,177,0,79,13,0.07,9,14,-,65,14,7,8,18,0.1,0,0,1
5261,Meghalaya,East Khasi Hills,Mawkynep,91.5958,25.3372,2023,6.3,31,0,6,10,0.01,11,0,-,20,6,1,5,0,0.1,0.3,0.01,1
5262,Meghalaya,East Khasi Hills,Mawsynram,91.5783,25.2964,2023,7.39,99,0,55,10,0.04,1,7,-,50,16,2,3,1,0.06,0.91,0.15,1
5263,Meghalaya,East Khasi Hills,Tyrsad,91.6592,25.4064,2023,6.17,367,0,12,7,0.03,1,0,-,15,4,1,3,0,2.03,0.09,0.01,1
5264,Meghalaya,East Khasi Hills,Jail Road,91.8858,25.5794,2023,7.2,151,0,24,20,0.01,15,20,-,35,10,2,13,4,0.09,0.59,0.9,1
5265,Meghalaya,East Khasi Hills,Lapalang,91.9172,25.5642,2023,7.14,79,0,12,17,0.01,3,12,-,25,4,4,5,8,0.07,0.1,0,1
5266,Meghalaya,East Khasi Hills,Lr.Lachaumiere,91.8869,25.5703,2023,7.09,170,0,18,27,0.01,6,23,-,45,12,4,18,2,0.06,0.3,0,1
5267,Meghalaya,East Khasi Hills,Shillong Golf Links,91.8944,25.5867,2023,7.06,51,0,31,13,0.01,0,8,-,15,4,1,11,3,0.1,0.08,0.03,1
5268,Meghalaya,East Khasi Hills,Ichamati,91.6867,25.165,2023,7.71,138,0,55,13,0.03,2,4,-,75,26,2,1,1,0.07,0.06,0.29,1
5269,Meghalaya,East Khasi Hills,Cherrapunji,91.7194,25.2839,2023,7.1,119,0,49,17,0.01,10,27,-,45,14,2,14,1,0.08,0.01,0.22,1
5270,Meghalaya,North Garo Hills,Kharkutta,90.8936,25.9067,2023,6.76,55,0,37,7,0.06,6,1,-,30,6,4,6,0,0.06,0.49,0.02,1
5271,Meghalaya,North Garo Hills,Bajengdoba New,90.5045,25.8969,2023,6.09,94,0,24,20,0.04,2,3,-,20,6,1,12,5,0.05,1.91,16.26,1
5272,Meghalaya,North Garo Hills,Mendipathar,90.6422,25.8982,2023,6.28,70,0,31,17,0.09,7,3,-,50,16,2,3,3,2,0,0.78,1
5273,Meghalaya,North Garo Hills,Wa Geasi,90.7875,25.8224,2023,6.43,94,0,49,17,0.04,7,7,-,75,14,10,7,1,0.99,0.16,0.14,1
5274,Meghalaya,Ri Bhoi,Nongpoh,91.8775,25.9089,2023,7.43,242,0,55,33,0.05,20,25,-,50,18,1,22,16,0.02,0.08,0.95,1
5275,Meghalaya,Ri Bhoi,Tamanpahlong,91.9447,25.9258,2023,6.94,45,0,18,13,0.02,1,10,-,15,4,1,8,2,0.66,0.65,0.07,1
5276,Meghalaya,Ri Bhoi,Tdohumsiang,91.9983,25.7747,2023,7.4,40,0,31,10,0.03,0,0,-,25,8,1,4,1,0.3,0.06,0.68,1
5277,Meghalaya,Ri Bhoi,Sumer,91.8889,25.6925,2023,7.16,12,0,6,7,0.01,0,1,-,10,2,1,3,0,0.07,0.82,0.01,1
5278,Meghalaya,Ribhoi,Pathar Khamma Barigaon,91.5947,25.8714,2023,6.34,82,0,31,17,0.02,1,16,-,20,6,1,11,10,0.09,0,0.22,1
5279,Meghalaya,South West Garo Hill,Baghmara,90.6319,25.2042,2023,6.35,102,0,37,13,0.04,26,2,-,55,6,10,4,2,0.36,0.1,0.13,1
5280,Meghalaya,South West Garo Hill,Ampati,89.9336,25.47,2023,7.21,118,0,55,20,0.08,11,9,-,60,8,10,8,2,1.96,0.04,0.1,1
5281,Meghalaya,South West Garo Hill,Garobandha,90.0225,25.58,2023,5.73,206,0,31,30,0.01,38,0,-,70,16,7,19,2,0.67,0.52,0.04,1
5282,Meghalaya,South West Garo Hill,Betagre,90.4869,25.2503,2023,6.85,37,0,43,13,0.02,6,4,-,25,6,2,14,2,0.99,0.02,0.01,1
5283,Meghalaya,South West Garo Hill,Gasuapara,90.3103,25.2008,2023,6.32,41,0,128,7,0.04,6,1,-,30,8,2,27,10,0.93,0.03,0,1
5284,Meghalaya,South West Garo Hill,Mandangre,90.4783,25.1683,2023,6.87,152,0,49,36,0.1,7,0,-,95,28,6,8,2,0.46,0.21,0.08,1
5285,Meghalaya,South West Garo Hill,Zikzak,89.9086,25.3722,2023,7.7,76,0,31,13,0.02,8,12,-,35,6,5,6,3,0.33,0.71,0.06,1
5286,Meghalaya,West Garo Hill,Dalu,90.2125,25.2278,2023,5.72,134,0,43,23,0.01,18,23,-,55,14,5,12,6,0.54,0.09,0.08,1
5287,Meghalaya,West Garo Hill,Jengjal,90.3371,25.6706,2023,7.12,135,0,37,40,0.02,2,1,-,30,6,4,22,1,0.49,0.39,0.01,1
5288,Meghalaya,West Garo Hill,Rongram,90.2515,25.5957,2023,6.37,68,0,37,13,0.02,6,15,-,65,12,8,2,1,2.99,0.69,0.08,1
5289,Meghalaya,West Garo Hill,Phulbari,90.0384,25.8897,2023,6.54,153,0,92,13,0.12,11,0,-,75,18,7,9,0,5.01,0.84,0.08,1
5290,Meghalaya,West Garo Hill,Selsella,90.0139,25.6947,2023,7.14,136,0,49,23,0.03,22,3,-,40,8,5,13,10,0.42,0.03,0.07,1
5291,Meghalaya,West Garo Hill,Tikrikilla,90.1983,25.9467,2023,7.44,268,0,140,36,0.11,12,1,-,140,40,10,8,3,0.56,0.1,0.06,0
5292,Meghalaya,West Khasi Hills,Mairang,91.6392,25.5622,2023,7.48,169,0,43,30,0.01,9,12,-,50,14,4,15,7,0.07,0.53,0.01,1
5293,Meghalaya,West Khasi Hills,Nongdaju,90.9169,25.5501,2023,7.27,60,0,73,17,0.01,6,17,-,55,6,10,13,4,0.56,0.06,0.01,1
5294,Meghalaya,West Khasi Hills,Pungsoir,91.2786,25.5453,2023,6.64,27,0,24,10,0.03,0,1,-,20,6,1,3,8,18.4,0.1,0.39,1
5295,Mizoram,Kolasib,Tuichhuahen,92.6811,24.2575,2023,8.05,371,0,275,11,0.01,9,1,-,200,12,41,13,8,0.12,0.03,0.08,0
5296,Mizoram,Mamit,Zawlnum,92.335,24.1389,2023,7.67,405,0,61,64,0,26,4,-,115,32,8,39,3,0.04,0.55,0.7,0
5297,Mizoram,Serchhip,Thenzawl,92.7733,23.2811,2023,7.85,76,0,31,7,0,10,4,-,35,8,4,4,1,0.25,0.06,0.02,1
5298,Nagaland,Dimapur,7Th Mile Colony,93.7742,25.8439,2023,7.52,339,0,18,50,0,31,43,-,105,36,4,27,2,0.05,0.06,0.41,0
5299,Nagaland,Dimapur,Chumkidima,93.7831,25.8169,2023,6.75,418,0,122,73,0.02,38,2,-,130,34,11,45,18,0.69,0.03,0,0
5300,Nagaland,Dimapur,Diphupar,93.7733,25.8644,2023,7.84,481,0,43,113,0.01,13,26,-,105,24,11,72,4,0.43,0.22,0.27,0
5301,Nagaland,Dimapur,Douapur Dmc,93.6044,25.7611,2023,6.49,154,0,37,50,0.01,4,6,-,65,18,5,16,1,0.07,0.05,0.09,1
5302,Nagaland,Dimapur,Maibiram,93.6195,25.7736,2023,6.97,111,0,61,20,0.02,3,0,-,75,20,6,5,2,0.01,0.14,0.01,1
5303,Nagaland,Dimapur,Marwari Colony,93.7254,25.9056,2023,6.72,597,0,305,40,0.15,3,8,-,265,90,10,39,22,0.65,0.79,0.05,0
7479,Tripura,Dhalai,Ambassa,91.8469,23.924,2023,7.75,159,0,85,7,0.03,20,6,-,65,14,7,13,3,0.57,0.08,0.03,1
7480,Tripura,Dhalai,Lalchari,91.8544,23.9342,2023,6.64,106,0,79,7,0.01,6,1,-,40,8,5,13,3,0.62,0.35,0,1
7481,Tripura,Dhalai,Chawmanu,91.9989,23.8622,2023,7.19,375,0,183,43,1,16,7,-,105,20,13,60,3,1.1,0.02,0,1
7482,Tripura,Dhalai,Durga Chowmuhani,91.8603,24.1217,2023,7.05,220,0,104,40,0.32,4,15,-,95,28,6,17,3,0.08,0.4,0,1
7483,Tripura,Dhalai,Kali Kumar Para,91.86,24.1089,2023,6.57,72,0,18,17,0.07,0,17,-,25,6,2,8,4,0.6,0.37,0.04,1
7484,Tripura,Dhalai,Kamalpur,91.815,24.1696,2023,6.93,156,0,92,13,0.4,20,5,-,60,14,6,19,5,1,0.5,0.07,1
7485,Tripura,Dhalai,Nuna Cherra,91.8553,23.7872,2023,6.86,107,0,61,13,0.01,6,9,-,50,8,7,8,2,0.88,0.08,0.17,1
7486,Tripura,Dhalai,Manu New,91.9919,24.0025,2023,7.17,400,0,195,50,0.93,16,20,-,165,42,15,32,13,0.07,0.31,0,0
7487,Tripura,Dhalai,Sindhu Kumar,91.9606,23.9525,2023,6.85,405,0,250,40,0.95,13,3,-,190,52,15,35,18,0.06,0.08,0.07,0
7488,Tripura,Dhalai,Abhanga New,91.8308,24.0541,2023,7.06,170,0,104,17,0.01,6,4,-,85,30,2,10,3,1.1,0.04,0.01,1
7489,Tripura,Gomti,Bampur,91.6353,23.5622,2023,7.39,200,0,153,13,0.84,18,2,-,100,24,10,18,2,1.92,0.99,0.01,1
7490,Tripura,Gomti,Jatanbari,91.7583,23.42,2023,7.25,180,0,31,40,0.07,4,10,-,15,4,1,23,16,0.07,0,0,1
7491,Tripura,Gomti,Kankraban,91.4019,23.4875,2023,7.25,194,0,104,17,0.05,9,10,-,90,30,4,10,9,0.1,0.08,0.01,1
7492,Tripura,Gomti,Dewanbari,91.5353,23.5578,2023,6.87,141,0,73,13,0.04,13,7,-,60,10,8,12,2,1.9,0.31,0.02,1
7493,Tripura,Gomti,Noabari-2,91.5194,23.5911,2023,7.08,488,0,195,60,0.1,38,22,-,190,44,19,54,10,0.74,0.09,0.05,0
7494,Tripura,Gomti,Gorjee Bazar,91.5058,23.4267,2023,6.51,200,0,24,46,0,9,25,-,40,8,5,31,9,2.02,0,0,1
7495,Tripura,Gomti,Ompi Colony,91.6422,23.6718,2023,6.98,217,0,116,20,0.42,0,19,-,100,24,10,16,9,1.73,0,0.06,1
7496,Tripura,Gomti,Twidu,91.6553,23.7311,2023,6.65,130,0,18,23,0.22,5,19,-,15,4,1,16,12,0.06,0,0,1
7497,Tripura,Gomti,Dhawajnagar,91.465,23.5538,2023,6.63,68,0,31,13,0.01,1,6,-,30,6,4,7,2,0.85,0,0,1
7498,Tripura,Khowai,Kalyanpur,91.6094,23.9289,2023,7.36,176,0,104,17,0.08,1,6,-,70,24,2,20,2,0.11,0.62,0.08,1
7499,Tripura,Khowai,Kathalbari,91.6069,23.973,2023,7.33,148,0,79,13,0.08,5,9,-,75,28,1,5,10,0.08,0.05,0,1
7500,Tripura,Khowai,Khowai,91.605,24.0639,2023,7.36,174,0,140,7,0.1,4,0,-,85,12,13,14,2,0.05,0,0,1
7501,Tripura,Khowai,45 Miles,91.7639,23.9012,2023,7.91,711,0,574,23,1.1,7,0,-,130,36,10,191,1,0.49,0.1,0.01,0
7502,Tripura,Khowai,Tuimadhu,91.6864,23.835,2023,7.48,206,0,147,10,0.22,22,3,-,105,12,18,26,3,0.05,0.4,0.02,1
7503,Tripura,Khowai,Pachim Howaibari,91.5919,23.81,2023,6.93,427,0,104,86,0.07,17,35,-,100,34,4,58,39,1.54,0.97,0.01,0
7504,Tripura,North Tripura,Baghbassa,92.2219,24.3518,2023,6.85,182,0,98,23,0.35,8,3,-,90,22,8,10,3,0.03,0.02,0.02,1
7505,Tripura,North Tripura,Dharmanagar,92.1597,24.3789,2023,6.65,119,0,79,13,0.34,2,8,-,50,16,2,10,5,0.47,0.1,0.07,1
7506,Tripura,North Tripura,Krishnapur,92.1578,24.3394,2023,7.2,295,0,85,63,0.33,9,8,-,155,24,23,3,9,2.98,0.41,0.62,0
7507,Tripura,North Tripura,Narendra Nagar,92.2852,24.2414,2023,6.97,141,0,110,7,0.4,4,4,-,45,16,1,22,2,0.8,0.03,0.02,1
7508,Tripura,North Tripura,Ananda Bazar,92.2108,23.8481,2023,7.02,164,0,98,17,0.38,2,8,-,70,22,4,9,8,0.99,0.03,0.06,1
7509,Tripura,North Tripura,Dataram,92.2281,23.7628,2023,7.13,192,0,128,13,0.57,12,3,-,95,18,12,13,3,0.39,0.05,0.09,1
7510,Tripura,North Tripura,Satnala,92.2058,23.9756,2023,6.85,313,0,153,43,0.53,18,6,-,140,32,15,26,5,0.94,0.07,0.01,0
7511,Tripura,North Tripura,Sabual,92.2646,23.8656,2023,7.21,179,0,31,33,0.11,10,39,-,65,10,10,15,4,0.42,0.05,0.01,1
7512,Tripura,North Tripura,Churaibari,92.2467,24.4378,2023,7.16,183,0,24,33,0,36,17,-,50,12,5,18,6,0.43,0.09,0.07,1
7513,Tripura,North Tripura,Lalchhara,92.1922,24.4325,2023,7.14,386,0,147,80,0.53,8,7,-,150,44,10,40,6,0.9,0.39,0.1,0
7514,Tripura,North Tripura,Sanicherra,92.2325,24.3836,2023,6.98,432,0,116,86,0.35,31,13,-,140,28,17,46,22,0.02,0.26,0.08,0
7515,Tripura,North Tripura,Kanchanpur,92.195,24.0456,2023,6.51,465,0,79,126,0.27,16,14,-,115,20,16,64,11,0.86,0.37,0.01,1
7516,Tripura,North Tripura,Laljuri,92.1983,24.1119,2023,6.82,373,0,61,93,0.21,8,36,-,125,34,10,39,2,0.56,0.54,0.07,0
7517,Tripura,North Tripura,Naba Joypara (Natun Basti),92.2164,24.175,2023,7.29,105,0,79,33,0.28,9,4,-,125,10,24,7,5,0.74,0.1,0.01,1
7518,Tripura,North Tripura,Deocherra,92.1597,24.3103,2023,6.49,129,0,43,33,0.15,4,13,-,45,10,5,18,6,0.3,0.2,0.01,1
7519,Tripura,North Tripura,Panisagar,92.1522,24.2642,2023,6.46,308,0,31,56,0.13,9,46,-,50,10,6,33,29,0.47,0.06,0.07,1
7520,Tripura,North Tripura,Kunjanagar,92.2056,24.2456,2023,6.58,58,0,37,33,0.16,1,3,-,65,8,11,4,0,0.76,0.04,0,1
7521,Tripura,North Tripura,Rajnagar,92.1136,24.3185,2023,6.66,361,0,98,86,0.19,2,40,-,30,14,5,47,30,0.08,0.09,0,1
7522,Tripura,Sepahijala,Gongrai,91.4539,23.6567,2023,6.88,67,0,18,13,0.01,1,13,-,15,4,1,12,6,0.03,0.04,0,1
7523,Tripura,Sepahijala,Tufaniamura,91.4069,23.6986,2023,7.53,288,0,140,23,0.05,18,14,-,105,30,7,26,22,0.01,0,0.01,0
7524,Tripura,Sepahijala,Kanthalia Bazar,91.3297,23.3586,2023,7.74,271,0,201,7,0.26,5,2,-,155,26,22,24,3,0.05,0.07,0.06,0
7525,Tripura,Sepahijala,Lalmaibari,91.2733,23.5508,2023,6.54,77,0,43,13,0.01,11,4,-,30,6,4,18,3,0.19,0.77,0.02,1
7526,Tripura,Sepahijala,Rajib Nagar,91.3906,23.5712,2023,6.44,76,0,18,27,0,1,6,-,25,6,2,9,7,0.04,0.09,0.03,1
7527,Tripura,South Tripura,Michara,91.5069,23.2644,2023,7.33,353,0,214,40,0.1,6,9,-,155,48,8,38,7,0.08,0.1,0.04,0
7528,Tripura,South Tripura,Ananda Bandhu Para,91.7642,23.3394,2023,6.44,57,0,37,7,0.1,19,3,-,20,6,1,13,4,0.09,0.36,0,1
7529,Tripura,South Tripura,Purba Takka,91.6,23.05,2023,7.6,107,0,281,10,0.2,24,6,-,230,56,22,16,3,5.04,1.07,0.01,0
7530,Tripura,South Tripura,Srinagar,91.555,23,2023,7.03,256,0,43,76,0.01,4,3,-,65,14,7,37,9,0.11,0,0.01,1
7531,Tripura,South Tripura,Gaurangar Bazar,91.3879,23.0719,2023,6.97,141,0,116,7,0.04,2,1,-,75,16,8,11,2,0.02,0.07,0.03,1
7532,Tripura,South Tripura,Radhanagar,91.3294,23.2256,2023,7.11,54,0,61,10,0.01,2,0,-,35,6,5,8,4,0.07,0.03,0.07,1
7533,Tripura,South Tripura,Rajnagar,91.3917,23.2324,2023,6.89,118,0,92,7,0.03,2,0,-,55,10,7,17,3,0.03,0.03,0.01,1
7534,Tripura,South Tripura,Baishnabpur,91.75,23.0333,2023,6.75,210,0,43,40,0.21,0,1,-,95,24,8,6,4,1.07,0.03,0,1
7535,Tripura,South Tripura,Magroom,91.7744,23.0731,2023,6.67,149,0,61,13,0.19,66,4,-,40,8,5,42,1,2.09,0.07,0,1
7536,Tripura,South Tripura,Kalirbazar,91.5989,23.1133,2023,6.92,120,0,85,10,0.01,7,3,-,55,10,7,11,3,0.03,0.01,0,1
7537,Tripura,South Tripura,Manubazar,91.6481,23.0658,2023,7.46,239,0,165,7,0.09,6,4,-,95,20,11,33,5,0.14,0.09,0.03,1
7538,Tripura,South Tripura,Motu Mogpara,91.6516,23.0019,2023,6.95,116,0,98,7,0.02,4,1,-,55,8,8,12,2,0.09,0.05,0.01,1
7539,Tripura,South Tripura,Sabroom,91.7236,23.0062,2023,7.32,362,0,55,17,0.01,5,15,-,50,12,5,9,2,0.01,0.91,0,1
7540,Tripura,South Tripura,Ghorakhappa,91.8,23.15,2023,7.37,48,0,12,13,0.1,0,2,-,15,4,1,4,3,0.03,0.06,0.08,1
7541,Tripura,Unakoti,Jarultali,91.9858,24.2542,2023,6.75,118,0,61,27,0.14,2,4,-,35,8,4,18,4,0.37,0.01,0.01,1
7542,Tripura,Unakoti,Pancham-Nagar,91.9811,24.2183,2023,7.36,140,0,110,10,0.31,4,5,-,90,30,4,3,2,0.07,0.16,0.03,1
7543,Tripura,Unakoti,Gaurnagar,92.0333,24.2893,2023,6.49,266,0,31,70,0.08,17,36,-,60,10,8,35,11,0.1,0.5,0.01,1
7544,Tripura,Unakoti,Chandra- Moni Kami,92.1983,24.1119,2023,6.94,184,0,92,23,0.32,12,6,-,85,20,8,9,6,0.86,0,0.03,1
7545,Tripura,Unakoti,Dumdum,91.9452,24.1295,2023,6.52,79,0,61,7,0.22,5,5,-,30,8,2,13,3,0.68,0.08,0,1
7546,Tripura,Unakoti,Kanchanbari,91.9767,24.1136,2023,6.99,317,0,104,76,0.4,1,4,-,90,28,5,44,8,0.1,0.06,0,1
7547,Tripura,Unakoti,Kanchan-Cherra,92.0025,24.0855,2023,7.22,193,0,98,17,0.53,17,12,-,55,20,1,22,5,0.09,0.72,0,1
7548,Tripura,Unakoti,Kumarghat New,92.0419,24.1653,2023,6.81,95,0,55,10,0.18,14,1,-,50,10,6,4,3,0.94,0.66,0.04,1
7549,Tripura,Unakoti,Karaicherra,92.1514,24.14,2023,7.15,318,0,128,56,0.57,18,9,-,120,28,12,32,11,0.21,0.1,0,0
7550,Tripura,Unakoti,Pecharthal,92.0997,24.1988,2023,7.66,307,0,189,23,0.55,23,3,-,175,58,7,17,2,0.45,0.1,0.43,0
7551,Tripura,West Tripura,Khumulwng,91.4333,23.8183,2023,6.79,76,0,55,7,0.04,1,2,-,30,8,2,13,1,0.01,0.81,0.01,1
7552,Tripura,West Tripura,Chandmari,91.2983,23.8685,2023,7.28,162,0,12,40,0.01,0,31,-,15,2,2,24,9,0.92,0.23,0.07,1
7553,Tripura,West Tripura,Madhuban,91.2858,23.7886,2023,6.96,370,0,18,86,0.04,0,45,-,95,22,10,45,7,0.33,0.09,0,1
7554,Tripura,West Tripura,Pukua Bari,91.45,24.0117,2023,7.12,154,0,98,17,0.04,2,8,-,70,20,5,10,8,0.59,0.35,0.06,1
7555,Tripura,West Tripura,Sadhupara,91.5097,23.8103,2023,7.21,214,0,128,17,0.43,10,15,-,115,30,10,10,6,0.1,0.1,0.01,1
7556,Tripura,West Tripura,Gamcha Kobra Market,91.35,23.9036,2023,7.19,26,0,12,13,0.06,0,4,-,20,2,4,3,3,0.06,0.27,0.05,1
7557,Tripura,West Tripura,Ishanpur,91.3992,24.0453,2023,6.9,242,0,92,40,0.03,4,9,-,75,22,5,26,17,0.06,0.01,0,1
7558,Tripura,West Tripura,Simna,91.3933,24.0922,2023,7,119,0,43,20,0.01,3,14,-,55,16,4,12,3,0.43,0.41,0.01,1
7559,Tripura,West Tripura,R.K Nagar,91.3353,23.865,2023,6.76,96,0,61,20,0.21,0,2,-,30,8,2,16,6,0.21,0.13,0.01,1
